Workbook

Sheet 대시보드
A1: 시험·개발 진척도 대시보드
A2: 자동화 검증시스템 · TDD(Red→Green) 진척 — 모든 수치는 다른 시트에서 수식으로 계산됩니다 (엑셀에서 열면 자동 갱신)
A3: ="최종 갱신: "&IFERROR(INDEX('실행이력'!$A$4:$A$600,COUNTA('실행이력'!$A$4:$A$600)),"-")&" · 브랜치: "&IFERROR(INDEX('실행이력'!$B$4:$B$600,COUNTA('실행이력'!$B$4:$B$600)),"-")
A5: 전체 케이스 | C5: 통과 (Green) | E5: 구현 전 (Red) | G5: 실패 (병합 차단) | I5: Green 진행률
A6: =COUNTA('케이스관리'!$A$5:$A$600) | C6: =COUNTIF('케이스관리'!$J$5:$J$600,"PASS") | E6: =COUNTIF('케이스관리'!$J$5:$J$600,"RED") | G6: =COUNTIF('케이스관리'!$J$5:$J$600,"FAIL") | I6: =IFERROR(C6/(C6+E6+G6),0)
A8: 상태 분포
A9: 상태 | B9: 설명 | C9: 건수 | D9: 비율
A10: PASS | B10: 통과 | C10: =COUNTIF('케이스관리'!$J$5:$J$600,A10) | D10: =IFERROR(C10/SUM($C$10:$C$14),0)
A11: RED | B11: 구현 전(기대된 실패) | C11: =COUNTIF('케이스관리'!$J$5:$J$600,A11) | D11: =IFERROR(C11/SUM($C$10:$C$14),0)
A12: FAIL | B12: 실패 | C12: =COUNTIF('케이스관리'!$J$5:$J$600,A12) | D12: =IFERROR(C12/SUM($C$10:$C$14),0)
A13: SKIP | B13: 건너뜀 | C13: =COUNTIF('케이스관리'!$J$5:$J$600,A13) | D13: =IFERROR(C13/SUM($C$10:$C$14),0)
A14: 미실행 | B14: 결과 없음 | C14: =COUNTIF('케이스관리'!$J$5:$J$600,A14) | D14: =IFERROR(C14/SUM($C$10:$C$14),0)
A22: 화면별 진척
A23: 화면 | B23: 화면명 | C23: 전체 | D23: 통과 | E23: Red | F23: 실패 | G23: 진척(통과%)
A24: SC-01 | B24: 로그인·회원가입 | C24: =COUNTIF('케이스관리'!$D$5:$D$600,A24) | D24: =COUNTIFS('케이스관리'!$D$5:$D$600,$A24,'케이스관리'!$J$5:$J$600,"PASS") | E24: =COUNTIFS('케이스관리'!$D$5:$D$600,$A24,'케이스관리'!$J$5:$J$600,"RED") | F24: =COUNTIFS('케이스관리'!$D$5:$D$600,$A24,'케이스관리'!$J$5:$J$600,"FAIL") | G24: =IF(C24=0,"케이스 없음",D24/C24)
A25: SC-02 | B25: 대시보드 | C25: =COUNTIF('케이스관리'!$D$5:$D$600,A25) | D25: =COUNTIFS('케이스관리'!$D$5:$D$600,$A25,'케이스관리'!$J$5:$J$600,"PASS") | E25: =COUNTIFS('케이스관리'!$D$5:$D$600,$A25,'케이스관리'!$J$5:$J$600,"RED") | F25: =COUNTIFS('케이스관리'!$D$5:$D$600,$A25,'케이스관리'!$J$5:$J$600,"FAIL") | G25: =IF(C25=0,"케이스 없음",D25/C25)
A26: SC-03 | B26: 가명·익명 처리 | C26: =COUNTIF('케이스관리'!$D$5:$D$600,A26) | D26: =COUNTIFS('케이스관리'!$D$5:$D$600,$A26,'케이스관리'!$J$5:$J$600,"PASS") | E26: =COUNTIFS('케이스관리'!$D$5:$D$600,$A26,'케이스관리'!$J$5:$J$600,"RED") | F26: =COUNTIFS('케이스관리'!$D$5:$D$600,$A26,'케이스관리'!$J$5:$J$600,"FAIL") | G26: =IF(C26=0,"케이스 없음",D26/C26)
A27: SC-04 | B27: CAVP 신청 | C27: =COUNTIF('케이스관리'!$D$5:$D$600,A27) | D27: =COUNTIFS('케이스관리'!$D$5:$D$600,$A27,'케이스관리'!$J$5:$J$600,"PASS") | E27: =COUNTIFS('케이스관리'!$D$5:$D$600,$A27,'케이스관리'!$J$5:$J$600,"RED") | F27: =COUNTIFS('케이스관리'!$D$5:$D$600,$A27,'케이스관리'!$J$5:$J$600,"FAIL") | G27: =IF(C27=0,"케이스 없음",D27/C27)
A28: SC-05 | B28: 신청 조회 | C28: =COUNTIF('케이스관리'!$D$5:$D$600,A28) | D28: =COUNTIFS('케이스관리'!$D$5:$D$600,$A28,'케이스관리'!$J$5:$J$600,"PASS") | E28: =COUNTIFS('케이스관리'!$D$5:$D$600,$A28,'케이스관리'!$J$5:$J$600,"RED") | F28: =COUNTIFS('케이스관리'!$D$5:$D$600,$A28,'케이스관리'!$J$5:$J$600,"FAIL") | G28: =IF(C28=0,"케이스 없음",D28/C28)
A29: SC-06 | B29: 검증서 이력 | C29: =COUNTIF('케이스관리'!$D$5:$D$600,A29) | D29: =COUNTIFS('케이스관리'!$D$5:$D$600,$A29,'케이스관리'!$J$5:$J$600,"PASS") | E29: =COUNTIFS('케이스관리'!$D$5:$D$600,$A29,'케이스관리'!$J$5:$J$600,"RED") | F29: =COUNTIFS('케이스관리'!$D$5:$D$600,$A29,'케이스관리'!$J$5:$J$600,"FAIL") | G29: =IF(C29=0,"케이스 없음",D29/C29)
A30: SC-07 | B30: 위변조 탐지 | C30: =COUNTIF('케이스관리'!$D$5:$D$600,A30) | D30: =COUNTIFS('케이스관리'!$D$5:$D$600,$A30,'케이스관리'!$J$5:$J$600,"PASS") | E30: =COUNTIFS('케이스관리'!$D$5:$D$600,$A30,'케이스관리'!$J$5:$J$600,"RED") | F30: =COUNTIFS('케이스관리'!$D$5:$D$600,$A30,'케이스관리'!$J$5:$J$600,"FAIL") | G30: =IF(C30=0,"케이스 없음",D30/C30)
A31: 공통 | B31: 공통·초기데이터·E2E | C31: =COUNTIF('케이스관리'!$D$5:$D$600,A31) | D31: =COUNTIFS('케이스관리'!$D$5:$D$600,$A31,'케이스관리'!$J$5:$J$600,"PASS") | E31: =COUNTIFS('케이스관리'!$D$5:$D$600,$A31,'케이스관리'!$J$5:$J$600,"RED") | F31: =COUNTIFS('케이스관리'!$D$5:$D$600,$A31,'케이스관리'!$J$5:$J$600,"FAIL") | G31: =IF(C31=0,"케이스 없음",D31/C31)
A34: 요구사항별 진척 | I34: 시험 단계별 진척
A35: 요구사항 | B35: 우선순위 | C35: 전체 | D35: 통과 | E35: Red | F35: 실패 | G35: 진척(통과%) | I35: 단계 | J35: 전체 | K35: 통과 | L35: Red | M35: 실패
A36: FR-01 | B36: Must | C36: =COUNTIF('케이스관리'!$C$5:$C$600,A36) | D36: =COUNTIFS('케이스관리'!$C$5:$C$600,$A36,'케이스관리'!$J$5:$J$600,"PASS") | E36: =COUNTIFS('케이스관리'!$C$5:$C$600,$A36,'케이스관리'!$J$5:$J$600,"RED") | F36: =COUNTIFS('케이스관리'!$C$5:$C$600,$A36,'케이스관리'!$J$5:$J$600,"FAIL") | G36: =IF(C36=0,"케이스 없음",D36/C36) | I36: 시스템 | J36: =COUNTIF('케이스관리'!$B$5:$B$600,I36) | K36: =COUNTIFS('케이스관리'!$B$5:$B$600,$I36,'케이스관리'!$J$5:$J$600,"PASS") | L36: =COUNTIFS('케이스관리'!$B$5:$B$600,$I36,'케이스관리'!$J$5:$J$600,"RED") | M36: =COUNTIFS('케이스관리'!$B$5:$B$600,$I36,'케이스관리'!$J$5:$J$600,"FAIL")
A37: FR-02 | B37: Must | C37: =COUNTIF('케이스관리'!$C$5:$C$600,A37) | D37: =COUNTIFS('케이스관리'!$C$5:$C$600,$A37,'케이스관리'!$J$5:$J$600,"PASS") | E37: =COUNTIFS('케이스관리'!$C$5:$C$600,$A37,'케이스관리'!$J$5:$J$600,"RED") | F37: =COUNTIFS('케이스관리'!$C$5:$C$600,$A37,'케이스관리'!$J$5:$J$600,"FAIL") | G37: =IF(C37=0,"케이스 없음",D37/C37) | I37: 통합 | J37: =COUNTIF('케이스관리'!$B$5:$B$600,I37) | K37: =COUNTIFS('케이스관리'!$B$5:$B$600,$I37,'케이스관리'!$J$5:$J$600,"PASS") | L37: =COUNTIFS('케이스관리'!$B$5:$B$600,$I37,'케이스관리'!$J$5:$J$600,"RED") | M37: =COUNTIFS('케이스관리'!$B$5:$B$600,$I37,'케이스관리'!$J$5:$J$600,"FAIL")
A38: FR-03 | B38: Must | C38: =COUNTIF('케이스관리'!$C$5:$C$600,A38) | D38: =COUNTIFS('케이스관리'!$C$5:$C$600,$A38,'케이스관리'!$J$5:$J$600,"PASS") | E38: =COUNTIFS('케이스관리'!$C$5:$C$600,$A38,'케이스관리'!$J$5:$J$600,"RED") | F38: =COUNTIFS('케이스관리'!$C$5:$C$600,$A38,'케이스관리'!$J$5:$J$600,"FAIL") | G38: =IF(C38=0,"케이스 없음",D38/C38) | I38: 단위 | J38: =COUNTIF('케이스관리'!$B$5:$B$600,I38) | K38: =COUNTIFS('케이스관리'!$B$5:$B$600,$I38,'케이스관리'!$J$5:$J$600,"PASS") | L38: =COUNTIFS('케이스관리'!$B$5:$B$600,$I38,'케이스관리'!$J$5:$J$600,"RED") | M38: =COUNTIFS('케이스관리'!$B$5:$B$600,$I38,'케이스관리'!$J$5:$J$600,"FAIL")
A39: FR-04 | B39: Should | C39: =COUNTIF('케이스관리'!$C$5:$C$600,A39) | D39: =COUNTIFS('케이스관리'!$C$5:$C$600,$A39,'케이스관리'!$J$5:$J$600,"PASS") | E39: =COUNTIFS('케이스관리'!$C$5:$C$600,$A39,'케이스관리'!$J$5:$J$600,"RED") | F39: =COUNTIFS('케이스관리'!$C$5:$C$600,$A39,'케이스관리'!$J$5:$J$600,"FAIL") | G39: =IF(C39=0,"케이스 없음",D39/C39)
A40: FR-05 | B40: Should | C40: =COUNTIF('케이스관리'!$C$5:$C$600,A40) | D40: =COUNTIFS('케이스관리'!$C$5:$C$600,$A40,'케이스관리'!$J$5:$J$600,"PASS") | E40: =COUNTIFS('케이스관리'!$C$5:$C$600,$A40,'케이스관리'!$J$5:$J$600,"RED") | F40: =COUNTIFS('케이스관리'!$C$5:$C$600,$A40,'케이스관리'!$J$5:$J$600,"FAIL") | G40: =IF(C40=0,"케이스 없음",D40/C40)
A41: FR-14 | B41: Should | C41: =COUNTIF('케이스관리'!$C$5:$C$600,A41) | D41: =COUNTIFS('케이스관리'!$C$5:$C$600,$A41,'케이스관리'!$J$5:$J$600,"PASS") | E41: =COUNTIFS('케이스관리'!$C$5:$C$600,$A41,'케이스관리'!$J$5:$J$600,"RED") | F41: =COUNTIFS('케이스관리'!$C$5:$C$600,$A41,'케이스관리'!$J$5:$J$600,"FAIL") | G41: =IF(C41=0,"케이스 없음",D41/C41)
A44: 진척 추이 (실행할 때마다 갱신)

Sheet 케이스관리
A1: 시험 케이스 관리
A2: 노란색 칸(화면·우선순위·비고)만 직접 수정하세요. 나머지는 테스트 코드(@case)에서 자동 동기화되며, 수정 내용은 갱신해도 유지됩니다. 예: 화면=SC-01, 우선순위=Must
A3: ※ '현재 상태'는 '케이스별결과' 시트에서 자동 계산 — PASS 통과 · RED 구현 전(기대된 실패) · FAIL 실패(병합 차단) · SKIP 건너뜀 · 미실행
A4: 케이스 ID | B4: 구분 | C4: 요구사항 | D4: 화면 | E4: 시험 유형 | F4: 시험 항목 | G4: 기대결과 | H4: 우선순위 | I4: 비고 | J4: 현재 상태
A5: ST-01 | B5: 시스템 | C5: FR-01 | D5: SC-01 | E5: 정상 | F5: 브라우저 E2E: 가입 → 로그인 → 환영 화면 → 로그아웃 | G5: 가입 완료 메시지 후 로그인하면 /dashboard 에 사용자명 표시, 로그아웃하면 로그인 화면 복귀 | H5: Must | J5: =IFERROR(INDEX('케이스별결과'!$B$4:$B$600,MATCH($A5,'케이스별결과'!$A$4:$A$600,0)),"미실행")
A6: ST-01-N1 | B6: 시스템 | C6: FR-01 | D6: SC-01 | E6: 비정상 | F6: 브라우저 E2E: 잘못된 비밀번호/약한 비밀번호/불일치 확인 | G6: 각각 오류 문구가 표시되고 화면 이동 없음 | H6: Must | J6: =IFERROR(INDEX('케이스별결과'!$B$4:$B$600,MATCH($A6,'케이스별결과'!$A$4:$A$600,0)),"미실행")
A7: ST-01-N2 | B7: 시스템 | C7: FR-01 | D7: SC-01 | E7: 보안 | F7: 브라우저 E2E: 비로그인으로 /dashboard 접근, 유형 탭 불일치 로그인 | G7: 로그인 화면으로 리다이렉트 / 유형 불일치 오류 표시 | H7: Must | J7: =IFERROR(INDEX('케이스별결과'!$B$4:$B$600,MATCH($A7,'케이스별결과'!$A$4:$A$600,0)),"미실행")
A8: ST-02 | B8: 시스템 | C8: FR-03 | D8: SC-02 | E8: 정상 | F8: 브라우저 E2E: 대시보드 KPI·최근 신청·알림 표시 | G8: 로그인 후 인사말, KPI 4종 수치, 최근 신청 행과 상태 배지, 알림 문구 표시 | H8: Must | J8: =IFERROR(INDEX('케이스별결과'!$B$4:$B$600,MATCH($A8,'케이스별결과'!$A$4:$A$600,0)),"미실행")
A9: ST-02-N1 | B9: 시스템 | C9: FR-03 | D9: SC-02 | E9: 비정상 | F9: 브라우저 E2E: 신규 사용자(데이터 없음) 빈 상태 | G9: KPI 모두 0, '아직 신청 내역이 없습니다' 안내 표시 | H9: Must | J9: =IFERROR(INDEX('케이스별결과'!$B$4:$B$600,MATCH($A9,'케이스별결과'!$A$4:$A$600,0)),"미실행")
A10: ST-02-N2 | B10: 시스템 | C10: FR-03 | D10: SC-02 | E10: 보안 | F10: 브라우저 E2E: 위변조 의심 검증서 강조 | G10: 위변조 의심 KPI 가 1, 경고 알림과 검증서 번호(CV-)가 표시되고 경고 스타일 적용 | H10: Must | J10: =IFERROR(INDEX('케이스별결과'!$B$4:$B$600,MATCH($A10,'케이스별결과'!$A$4:$A$600,0)),"미실행")
A11: ST-02-N3 | B11: 시스템 | C11: FR-03 | D11: SC-02 | E11: 보안 | F11: 브라우저 E2E: 대시보드에서 로그아웃 | G11: 로그아웃 후 로그인 화면 복귀, 뒤로가기/재접근 시 대시보드 접근 불가 | H11: Must | J11: =IFERROR(INDEX('케이스별결과'!$B$4:$B$600,MATCH($A11,'케이스별결과'!$A$4:$A$600,0)),"미실행")
A12: ST-04 | B12: 시스템 | C12: FR-03 | D12: SC-04 | E12: 정상 | F12: 브라우저 E2E: 알고리즘을 골라 신청하면 성공 안내와 함께 내 신청 목록에 나타남 | G12: 성공 메시지 표시, 목록에 알고리즘·'접수 대기' 배지 행 1건, 화면 이동 없음 | H12: Must | J12: =IFERROR(INDEX('케이스별결과'!$B$4:$B$600,MATCH($A12,'케이스별결과'!$A$4:$A$600,0)),"미실행")
A13: ST-04-N1 | B13: 시스템 | C13: FR-03 | D13: SC-04 | E13: 비정상 | F13: 브라우저 E2E: 같은 알고리즘을 진행 중에 다시 신청 | G13: 오류 안내 표시, 목록은 1건 그대로 | H13: Must | J13: =IFERROR(INDEX('케이스별결과'!$B$4:$B$600,MATCH($A13,'케이스별결과'!$A$4:$A$600,0)),"미실행")
A14: ST-04-N2 | B14: 시스템 | C14: FR-03 | D14: SC-04 | E14: 비정상 | F14: 브라우저 E2E: 알고리즘을 고르지 않고 신청 | G14: 서버에 요청하지 않고 선택 안내 표시, 목록 변화 없음 | H14: Must | J14: =IFERROR(INDEX('케이스별결과'!$B$4:$B$600,MATCH($A14,'케이스별결과'!$A$4:$A$600,0)),"미실행")
A15: ST-04-N3 | B15: 시스템 | C15: FR-03 | D15: SC-04 | E15: 정상 | F15: 브라우저 E2E: 대시보드 → 신청 화면 → 신청 → 대시보드 최근 신청 반영 | G15: '+ CAVP 시험 신청' 클릭으로 이동, 신청 후 대시보드 최근 신청·진행중 KPI 에 반영 | H15: Must | J15: =IFERROR(INDEX('케이스별결과'!$B$4:$B$600,MATCH($A15,'케이스별결과'!$A$4:$A$600,0)),"미실행")
A16: ST-04-N4 | B16: 시스템 | C16: FR-03 | D16: SC-04 | E16: 보안 | F16: 브라우저 E2E: 로그인하지 않고 신청 화면에 접근 | G16: 로그인 화면으로 이동 | H16: Must | J16: =IFERROR(INDEX('케이스별결과'!$B$4:$B$600,MATCH($A16,'케이스별결과'!$A$4:$A$600,0)),"미실행")
... A206: UT-SEED-06 | B206: 단위 | C206: FR-01 | D206: 공통 | E206: 경계 | F206: seed: 멱등 — 두 번 실행해도 건수 불변 | G206: 2회 실행 후 건수 동일, 반환 dict 의 건수와 실제 건수 일치 | H206: Must | J206: =IFERROR(INDEX('케이스별결과'!$B$4:$B$600,MATCH($A206,'케이스별결과'!$A$4:$A$600,0)),"미실행")

Sheet 케이스별결과
A1: 케이스별 최신 결과 (자동 생성 — 수정하지 마세요)
A2: pytest JUnit XML 을 파싱한 값입니다. 결과(B)는 건수로부터 수식으로 판정합니다: 실패>0 → FAIL, Red>0 → RED, 통과>0 → PASS
A3: 케이스 ID | B3: 결과 | C3: 실행 건수 | D3: 통과 | E3: 실패 | F3: Red | G3: 건너뜀 | H3: 실패 사유(첫 줄)
A4: ST-01 | B4: =IF(E4>0,"FAIL",IF(F4>0,"RED",IF(D4>0,"PASS","SKIP"))) | C4: =SUM(D4:G4) | D4: 1 | E4: 0 | F4: 0 | G4: 0
A5: ST-01-N1 | B5: =IF(E5>0,"FAIL",IF(F5>0,"RED",IF(D5>0,"PASS","SKIP"))) | C5: =SUM(D5:G5) | D5: 1 | E5: 0 | F5: 0 | G5: 0
A6: ST-01-N2 | B6: =IF(E6>0,"FAIL",IF(F6>0,"RED",IF(D6>0,"PASS","SKIP"))) | C6: =SUM(D6:G6) | D6: 1 | E6: 0 | F6: 0 | G6: 0
A7: ST-02 | B7: =IF(E7>0,"FAIL",IF(F7>0,"RED",IF(D7>0,"PASS","SKIP"))) | C7: =SUM(D7:G7) | D7: 1 | E7: 0 | F7: 0 | G7: 0
A8: ST-02-N1 | B8: =IF(E8>0,"FAIL",IF(F8>0,"RED",IF(D8>0,"PASS","SKIP"))) | C8: =SUM(D8:G8) | D8: 1 | E8: 0 | F8: 0 | G8: 0
A9: ST-02-N2 | B9: =IF(E9>0,"FAIL",IF(F9>0,"RED",IF(D9>0,"PASS","SKIP"))) | C9: =SUM(D9:G9) | D9: 1 | E9: 0 | F9: 0 | G9: 0
A10: ST-02-N3 | B10: =IF(E10>0,"FAIL",IF(F10>0,"RED",IF(D10>0,"PASS","SKIP"))) | C10: =SUM(D10:G10) | D10: 1 | E10: 0 | F10: 0 | G10: 0
A11: ST-04 | B11: =IF(E11>0,"FAIL",IF(F11>0,"RED",IF(D11>0,"PASS","SKIP"))) | C11: =SUM(D11:G11) | D11: 1 | E11: 0 | F11: 0 | G11: 0
A12: ST-04-N1 | B12: =IF(E12>0,"FAIL",IF(F12>0,"RED",IF(D12>0,"PASS","SKIP"))) | C12: =SUM(D12:G12) | D12: 1 | E12: 0 | F12: 0 | G12: 0
A13: ST-04-N2 | B13: =IF(E13>0,"FAIL",IF(F13>0,"RED",IF(D13>0,"PASS","SKIP"))) | C13: =SUM(D13:G13) | D13: 1 | E13: 0 | F13: 0 | G13: 0
A14: ST-04-N3 | B14: =IF(E14>0,"FAIL",IF(F14>0,"RED",IF(D14>0,"PASS","SKIP"))) | C14: =SUM(D14:G14) | D14: 1 | E14: 0 | F14: 0 | G14: 0
A15: ST-04-N4 | B15: =IF(E15>0,"FAIL",IF(F15>0,"RED",IF(D15>0,"PASS","SKIP"))) | C15: =SUM(D15:G15) | D15: 1 | E15: 0 | F15: 0 | G15: 0
... A205: UT-SEED-06 | B205: =IF(E205>0,"FAIL",IF(F205>0,"RED",IF(D205>0,"PASS","SKIP"))) | C205: =SUM(D205:G205) | D205: 0 | E205: 0 | F205: 1 | G205: 0

Sheet 실행이력
A1: 실행 이력 (실행할 때마다 한 줄 추가)
A2: 케이스수·PASS·RED·FAIL·SKIP 은 해당 실행의 케이스(ID) 단위 집계(고정 기록값), Green% = PASS ÷ (PASS+RED+FAIL)
A3: 실행 일시 | B3: 브랜치 | C3: 커밋 | D3: 케이스 수 | E3: PASS | F3: RED | G3: FAIL | H3: SKIP | I3: pytest 건수 | J3: 소요(초) | K3: Green %
A4: 2026-10-02 (Red 기준선) | B4: TDD 착수(구현 전) | C4: - | D4: 127 | E4: 0 | F4: 127 | G4: 0 | H4: 0 | I4: 254 | J4: 0 | K4: =IFERROR(E4/(E4+F4+G4),0)
A5: 2026-10-03 02:08 | B5: feature/ci-pipeline | C5: bce3094 | D5: 130 | E5: 38 | F5: 92 | G5: 0 | H5: 0 | I5: 256 | J5: 19.1 | K5: =IFERROR(E5/(E5+F5+G5),0)
A6: 2026-10-03 02:22 | B6: feature/tracker-pages | C6: cdc5392 | D6: 130 | E6: 38 | F6: 92 | G6: 0 | H6: 0 | I6: 260 | J6: 17.8 | K6: =IFERROR(E6/(E6+F6+G6),0)
A7: 2026-10-03 02:43 | B7: feature/sc02-dashboard-tests | C7: 9bf4a2e | D7: 158 | E7: 38 | F7: 120 | G7: 0 | H7: 0 | I7: 292 | J7: 82.3 | K7: =IFERROR(E7/(E7+F7+G7),0)
A8: 2026-10-03 02:46 | B8: feature/sc02-dashboard | C8: ebf33d6 | D8: 158 | E8: 66 | F8: 92 | G8: 0 | H8: 0 | I8: 292 | J8: 18 | K8: =IFERROR(E8/(E8+F8+G8),0)
A9: 2026-10-03 02:50 | B9: fix/sc02-screen-mapping | C9: bc987b1 | D9: 158 | E9: 66 | F9: 92 | G9: 0 | H9: 0 | I9: 294 | J9: 21 | K9: =IFERROR(E9/(E9+F9+G9),0)
A10: 2026-10-03 02:57 | B10: fix/tracker-cache-bust | C10: dd69cfb | D10: 158 | E10: 66 | F10: 92 | G10: 0 | H10: 0 | I10: 294 | J10: 22.4 | K10: =IFERROR(E10/(E10+F10+G10),0)
A11: 2026-10-11 16:11 | B11: feature/aws-deploy | C11: f3f397a | D11: 158 | E11: 66 | F11: 92 | G11: 0 | H11: 0 | I11: 308 | J11: 27.5 | K11: =IFERROR(E11/(E11+F11+G11),0)
A12: 2026-10-11 17:11 | B12: feature/https-budget | C12: 1859e63 | D12: 158 | E12: 66 | F12: 92 | G12: 0 | H12: 0 | I12: 311 | J12: 20.3 | K12: =IFERROR(E12/(E12+F12+G12),0)
A13: 2026-10-11 17:29 | B13: feature/service-url | C13: 4b3607e | D13: 158 | E13: 66 | F13: 92 | G13: 0 | H13: 0 | I13: 311 | J13: 26.2 | K13: =IFERROR(E13/(E13+F13+G13),0)
A14: 2026-10-11 23:29 | B14: feature/case-detail | C14: e1f086b | D14: 158 | E14: 66 | F14: 92 | G14: 0 | H14: 0 | I14: 312 | J14: 27 | K14: =IFERROR(E14/(E14+F14+G14),0)
A15: 2026-10-11 23:32 | B15: feature/case-detail-prerun | C15: 811f445 | D15: 158 | E15: 66 | F15: 92 | G15: 0 | H15: 0 | I15: 312 | J15: 27.2 | K15: =IFERROR(E15/(E15+F15+G15),0)
... A27: 2026-10-27 18:42 | B27: feature/lambda-deploy | C27: 8b6f0be | D27: 202 | E27: 137 | F27: 65 | G27: 0 | H27: 0 | I27: 433 | J27: 56.4 | K27: =IFERROR(E27/(E27+F27+G27),0)
